-- phpMyAdmin SQL Dump
-- version 5.2.0
-- https://www.phpmyadmin.net/
--
-- Hôte : 127.0.0.1
-- Généré le : mer. 15 fév. 2023 à 06:33
-- Version du serveur : 10.4.25-MariaDB
-- Version de PHP : 8.1.10

SET SQL_MODE = "NO_AUTO_VALUE_ON_ZERO";
START TRANSACTION;
SET time_zone = "+00:00";


/*!40101 SET @OLD_CHARACTER_SET_CLIENT=@@CHARACTER_SET_CLIENT */;
/*!40101 SET @OLD_CHARACTER_SET_RESULTS=@@CHARACTER_SET_RESULTS */;
/*!40101 SET @OLD_COLLATION_CONNECTION=@@COLLATION_CONNECTION */;
/*!40101 SET NAMES utf8mb4 */;

--
-- Base de données : `lord_of_geek`
--

-- --------------------------------------------------------

--
-- Structure de la table `categories`
--

CREATE TABLE `categories` (
  `id_categories` int(11) NOT NULL,
  `nom_cat` varchar(45) NOT NULL
) ENGINE=InnoDB DEFAULT CHARSET=utf8mb4;

--
-- Déchargement des données de la table `categories`
--

INSERT INTO `categories` (`id_categories`, `nom_cat`) VALUES
(1, 'combat'),
(2, 'aventure'),
(3, 'logique');

-- --------------------------------------------------------

--
-- Structure de la table `client`
--

CREATE TABLE `client` (
  `id_client` int(11) NOT NULL,
  `nom` varchar(45) NOT NULL,
  `prenom` varchar(45) NOT NULL,
  `adresse` varchar(140) NOT NULL,
  `ville_id` int(11) NOT NULL,
  `mail` varchar(100) NOT NULL
) ENGINE=InnoDB DEFAULT CHARSET=utf8mb4;

-- --------------------------------------------------------

--
-- Structure de la table `commandes`
--

CREATE TABLE `commandes` (
  `id_commandes` int(11) NOT NULL,
  `client_id` int(11) NOT NULL,
  `created_at` timestamp NOT NULL DEFAULT current_timestamp(),
  `updated_at` datetime NOT NULL
) ENGINE=InnoDB DEFAULT CHARSET=utf8mb4;

-- --------------------------------------------------------

--
-- Structure de la table `console`
--

CREATE TABLE `console` (
  `id_console` int(11) NOT NULL,
  `nom` varchar(45) NOT NULL
) ENGINE=InnoDB DEFAULT CHARSET=utf8mb4;

--
-- Déchargement des données de la table `console`
--

INSERT INTO `console` (`id_console`, `nom`) VALUES
(1, 'nes'),
(2, 'xbox 360'),
(3, 'PC');

-- --------------------------------------------------------

--
-- Structure de la table `exemplaires`
--

CREATE TABLE `exemplaires` (
  `id_exemplaires` int(11) NOT NULL,
  `jeux_id` int(11) NOT NULL,
  `console_id` int(11) NOT NULL,
  `prix` decimal(10,2) NOT NULL,
  `image` varchar(32) NOT NULL
) ENGINE=InnoDB DEFAULT CHARSET=utf8mb4;

--
-- Déchargement des données de la table `exemplaires`
--

INSERT INTO `exemplaires` (`id_exemplaires`, `jeux_id`, `console_id`, `prix`, `image`) VALUES
(1, 1, 1, '30.00', 'zelda-nes.jpeg'),
(2, 2, 2, '10.00', 'skyrim.png'),
(3, 3, 1, '5.00', 'tekken.png'),
(4, 4, 1, '10.00', 'mortal.jpg'),
(5, 5, 3, '3.50', 'portal2.jpg');

-- --------------------------------------------------------

--
-- Structure de la table `jeux`
--

CREATE TABLE `jeux` (
  `id_jeux` int(11) NOT NULL,
  `nom_jeux` varchar(45) NOT NULL,
  `categories_id` int(11) NOT NULL
) ENGINE=InnoDB DEFAULT CHARSET=utf8mb4;

--
-- Déchargement des données de la table `jeux`
--

INSERT INTO `jeux` (`id_jeux`, `nom_jeux`, `categories_id`) VALUES
(1, 'the legend of zelda', 2),
(2, 'skyrim', 2),
(3, 'tekken', 1),
(4, 'Mortal Kombat', 1),
(5, 'Portal 2', 3);

-- --------------------------------------------------------

--
-- Structure de la table `lignes_commande`
--

CREATE TABLE `lignes_commande` (
  `id_ligne` int(11) NOT NULL,
  `commandes_id` int(11) NOT NULL,
  `exemplaires_id` int(11) NOT NULL
) ENGINE=InnoDB DEFAULT CHARSET=utf8mb4;

-- --------------------------------------------------------

--
-- Structure de la table `ville`
--

CREATE TABLE `ville` (
  `id_ville` int(11) NOT NULL,
  `cp` varchar(5) NOT NULL,
  `ville` varchar(45) NOT NULL
) ENGINE=InnoDB DEFAULT CHARSET=utf8mb4;

--
-- Index pour les tables déchargées
--

--
-- Index pour la table `categories`
--
ALTER TABLE `categories`
  ADD PRIMARY KEY (`id_categories`);

--
-- Index pour la table `client`
--
ALTER TABLE `client`
  ADD PRIMARY KEY (`id_client`),
  ADD KEY `fk_client_ville_idx` (`ville_id`);

--
-- Index pour la table `commandes`
--
ALTER TABLE `commandes`
  ADD PRIMARY KEY (`id_commandes`),
  ADD KEY `fk_commandes_client_idx` (`client_id`);

--
-- Index pour la table `console`
--
ALTER TABLE `console`
  ADD PRIMARY KEY (`id_console`);

--
-- Index pour la table `exemplaires`
--
ALTER TABLE `exemplaires`
  ADD PRIMARY KEY (`id_exemplaires`),
  ADD KEY `fk_exemplaires_jeux_idx` (`jeux_id`),
  ADD KEY `fk_exemplaires_console_idx` (`console_id`);

--
-- Index pour la table `jeux`
--
ALTER TABLE `jeux`
  ADD PRIMARY KEY (`id_jeux`),
  ADD KEY `fk_jeux_categories1_idx` (`categories_id`);

--
-- Index pour la table `lignes_commande`
--
ALTER TABLE `lignes_commande`
  ADD PRIMARY KEY (`id_ligne`),
  ADD KEY `fk_commandes_has_exemplaires_exemplaires1_idx` (`exemplaires_id`),
  ADD KEY `fk_commandes_has_exemplaires_commandes1_idx` (`commandes_id`);

--
-- Index pour la table `ville`
--
ALTER TABLE `ville`
  ADD PRIMARY KEY (`id_ville`);

--
-- AUTO_INCREMENT pour les tables déchargées
--

--
-- AUTO_INCREMENT pour la table `categories`
--
ALTER TABLE `categories`
  MODIFY `id_categories` int(11) NOT NULL AUTO_INCREMENT, AUTO_INCREMENT=4;

--
-- AUTO_INCREMENT pour la table `client`
--
ALTER TABLE `client`
  MODIFY `id_client` int(11) NOT NULL AUTO_INCREMENT;

--
-- AUTO_INCREMENT pour la table `commandes`
--
ALTER TABLE `commandes`
  MODIFY `id_commandes` int(11) NOT NULL AUTO_INCREMENT;

--
-- AUTO_INCREMENT pour la table `console`
--
ALTER TABLE `console`
  MODIFY `id_console` int(11) NOT NULL AUTO_INCREMENT, AUTO_INCREMENT=4;

--
-- AUTO_INCREMENT pour la table `exemplaires`
--
ALTER TABLE `exemplaires`
  MODIFY `id_exemplaires` int(11) NOT NULL AUTO_INCREMENT, AUTO_INCREMENT=6;

--
-- AUTO_INCREMENT pour la table `jeux`
--
ALTER TABLE `jeux`
  MODIFY `id_jeux` int(11) NOT NULL AUTO_INCREMENT, AUTO_INCREMENT=6;

--
-- AUTO_INCREMENT pour la table `lignes_commande`
--
ALTER TABLE `lignes_commande`
  MODIFY `id_ligne` int(11) NOT NULL AUTO_INCREMENT;

--
-- AUTO_INCREMENT pour la table `ville`
--
ALTER TABLE `ville`
  MODIFY `id_ville` int(11) NOT NULL AUTO_INCREMENT;

--
-- Contraintes pour les tables déchargées
--

--
-- Contraintes pour la table `client`
--
ALTER TABLE `client`
  ADD CONSTRAINT `fk_client_ville` FOREIGN KEY (`ville_id`) REFERENCES `ville` (`id_ville`) ON DELETE NO ACTION ON UPDATE NO ACTION;

--
-- Contraintes pour la table `commandes`
--
ALTER TABLE `commandes`
  ADD CONSTRAINT `fk_commandes_client` FOREIGN KEY (`client_id`) REFERENCES `client` (`id_client`) ON DELETE NO ACTION ON UPDATE NO ACTION;

--
-- Contraintes pour la table `exemplaires`
--
ALTER TABLE `exemplaires`
  ADD CONSTRAINT `fk_exemplaires_console` FOREIGN KEY (`console_id`) REFERENCES `console` (`id_console`) ON DELETE NO ACTION ON UPDATE NO ACTION,
  ADD CONSTRAINT `fk_exemplaires_jeux` FOREIGN KEY (`jeux_id`) REFERENCES `jeux` (`id_jeux`) ON DELETE NO ACTION ON UPDATE NO ACTION;

--
-- Contraintes pour la table `jeux`
--
ALTER TABLE `jeux`
  ADD CONSTRAINT `fk_jeux_categories1` FOREIGN KEY (`categories_id`) REFERENCES `categories` (`id_categories`) ON DELETE NO ACTION ON UPDATE NO ACTION;

--
-- Contraintes pour la table `lignes_commande`
--
ALTER TABLE `lignes_commande`
  ADD CONSTRAINT `fk_commandes_has_exemplaires_commandes1` FOREIGN KEY (`commandes_id`) REFERENCES `commandes` (`id_commandes`) ON DELETE NO ACTION ON UPDATE NO ACTION,
  ADD CONSTRAINT `fk_commandes_has_exemplaires_exemplaires1` FOREIGN KEY (`exemplaires_id`) REFERENCES `exemplaires` (`id_exemplaires`) ON DELETE NO ACTION ON UPDATE NO ACTION;
COMMIT;

/*!40101 SET CHARACTER_SET_CLIENT=@OLD_CHARACTER_SET_CLIENT */;
/*!40101 SET CHARACTER_SET_RESULTS=@OLD_CHARACTER_SET_RESULTS */;
/*!40101 SET COLLATION_CONNECTION=@OLD_COLLATION_CONNECTION */;
